INDICATOR,UNIT,UNIT_NUM,STUB_NAME,STUB_NAME_NUM,STUB_LABEL,STUB_LABEL_NUM,YEAR,YEAR_NUM,AGE,ESTIMATE
Death rates for suicide,"Deaths per 100,000 resident population, crude",2,"Sex, age and race",5,Male: White,5.112,1950,1,15-24 years,6.6
Death rates for suicide,"Deaths per 100,000 resident population, crude",2,"Sex, age and race",5,Male: White,5.112,1960,2,15-24 years,8.6
Death rates for suicide,"Deaths per 100,000 resident population, crude",2,"Sex, age and race",5,Male: White,5.112,1970,3,15-24 years,13.9
Death rates for suicide,"Deaths per 100,000 resident population, crude",2,"Sex, age and race",5,Male: White,5.112,1980,4,15-24 years,21.4
Death rates for suicide,"Deaths per 100,000 resident population, crude",2,"Sex, age and race",5,Male: White,5.112,1981,5,15-24 years,21.1
Death rates for suicide,"Deaths per 100,000 resident population, crude",2,"Sex, age and race",5,Male: White,5.112,1982,6,15-24 years,21.2
Death rates for suicide,"Deaths per 100,000 resident population, crude",2,"Sex, age and race",5,Male: White,5.112,1983,7,15-24 years,20.4
Death rates for suicide,"Deaths per 100,000 resident population, crude",2,"Sex, age and race",5,Male: White,5.112,1984,8,15-24 years,21.8
Death rates for suicide,"Deaths per 100,000 resident population, crude",2,"Sex, age and race",5,Male: White,5.112,1985,9,15-24 years,22.3
Death rates for suicide,"Deaths per 100,000 resident population, crude",2,"Sex, age and race",5,Male: White,5.112,1986,10,15-24 years,23.1
Death rates for suicide,"Deaths per 100,000 resident population, crude",2,"Sex, age and race",5,Male: White,5.112,1987,11,15-24 years,22.2
Death rates for suicide,"Deaths per 100,000 resident population, crude",2,"Sex, age and race",5,Male: White,5.112,1988,12,15-24 years,22.7
Death rates for suicide,"Deaths per 100,000 resident population, crude",2,"Sex, age and race",5,Male: White,5.112,1989,13,15-24 years,22.5
Death rates for suicide,"Deaths per 100,000 resident population, crude",2,"Sex, age and race",5,Male: White,5.112,1990,14,15-24 years,23.2
Death rates for suicide,"Deaths per 100,000 resident population, crude",2,"Sex, age and race",5,Male: White,5.112,1991,15,15-24 years,23
Death rates for suicide,"Deaths per 100,000 resident population, crude",2,"Sex, age and race",5,Male: White,5.112,1992,16,15-24 years,22.6
Death rates for suicide,"Deaths per 100,000 resident population, crude",2,"Sex, age and race",5,Male: White,5.112,1993,17,15-24 years,22.9
Death rates for suicide,"Deaths per 100,000 resident population, crude",2,"Sex, age and race",5,Male: White,5.112,1994,18,15-24 years,23.7
Death rates for suicide,"Deaths per 100,000 resident population, crude",2,"Sex, age and race",5,Male: White,5.112,1995,19,15-24 years,23.1
Death rates for suicide,"Deaths per 100,000 resident population, crude",2,"Sex, age and race",5,Male: White,5.112,1996,20,15-24 years,20.7
Death rates for suicide,"Deaths per 100,000 resident population, crude",2,"Sex, age and race",5,Male: White,5.112,1997,21,15-24 years,19.3
Death rates for suicide,"Deaths per 100,000 resident population, crude",2,"Sex, age and race",5,Male: White,5.112,1998,22,15-24 years,18.9
Death rates for suicide,"Deaths per 100,000 resident population, crude",2,"Sex, age and race",5,Male: White,5.112,1999,23,15-24 years,17.5
Death rates for suicide,"Deaths per 100,000 resident population, crude",2,"Sex, age and race",5,Male: White,5.112,2000,24,15-24 years,17.9
Death rates for suicide,"Deaths per 100,000 resident population, crude",2,"Sex, age and race",5,Male: White,5.112,2001,25,15-24 years,17.5
Death rates for suicide,"Deaths per 100,000 resident population, crude",2,"Sex, age and race",5,Male: White,5.112,2002,26,15-24 years,17.7
Death rates for suicide,"Deaths per 100,000 resident population, crude",2,"Sex, age and race",5,Male: White,5.112,2003,27,15-24 years,17
Death rates for suicide,"Deaths per 100,000 resident population, crude",2,"Sex, age and race",5,Male: White,5.112,2004,28,15-24 years,17.9
Death rates for suicide,"Deaths per 100,000 resident population, crude",2,"Sex, age and race",5,Male: White,5.112,2005,29,15-24 years,17.3
Death rates for suicide,"Deaths per 100,000 resident population, crude",2,"Sex, age and race",5,Male: White,5.112,2006,30,15-24 years,17.2
Death rates for suicide,"Deaths per 100,000 resident population, crude",2,"Sex, age and race",5,Male: White,5.112,2007,31,15-24 years,16.9
Death rates for suicide,"Deaths per 100,000 resident population, crude",2,"Sex, age and race",5,Male: White,5.112,2008,32,15-24 years,17.2
Death rates for suicide,"Deaths per 100,000 resident population, crude",2,"Sex, age and race",5,Male: White,5.112,2009,33,15-24 years,17.6
Death rates for suicide,"Deaths per 100,000 resident population, crude",2,"Sex, age and race",5,Male: White,5.112,2010,34,15-24 years,18.3
Death rates for suicide,"Deaths per 100,000 resident population, crude",2,"Sex, age and race",5,Male: White,5.112,2011,35,15-24 years,19.3
Death rates for suicide,"Deaths per 100,000 resident population, crude",2,"Sex, age and race",5,Male: White,5.112,2012,36,15-24 years,19
Death rates for suicide,"Deaths per 100,000 resident population, crude",2,"Sex, age and race",5,Male: White,5.112,2013,37,15-24 years,18.7
Death rates for suicide,"Deaths per 100,000 resident population, crude",2,"Sex, age and race",5,Male: White,5.112,2014,38,15-24 years,19.9
Death rates for suicide,"Deaths per 100,000 resident population, crude",2,"Sex, age and race",5,Male: White,5.112,2015,39,15-24 years,20.9
Death rates for suicide,"Deaths per 100,000 resident population, crude",2,"Sex, age and race",5,Male: White,5.112,2016,40,15-24 years,21.9
Death rates for suicide,"Deaths per 100,000 resident population, crude",2,"Sex, age and race",5,Male: White,5.112,2017,41,15-24 years,24.4
Death rates for suicide,"Deaths per 100,000 resident population, crude",2,"Sex, age and race",5,Male: White,5.112,2018,42,15-24 years,24.4
Death rates for suicide,"Deaths per 100,000 resident population, crude",2,"Sex, age and race",5,Male: Black or African American,5.122,1950,1,15-24 years,4.9
Death rates for suicide,"Deaths per 100,000 resident population, crude",2,"Sex, age and race",5,Male: Black or African American,5.122,1960,2,15-24 years,4.1
Death rates for suicide,"Deaths per 100,000 resident population, crude",2,"Sex, age and race",5,Male: Black or African American,5.122,1970,3,15-24 years,10.5
Death rates for suicide,"Deaths per 100,000 resident population, crude",2,"Sex, age and race",5,Male: Black or African American,5.122,1980,4,15-24 years,12.3
Death rates for suicide,"Deaths per 100,000 resident population, crude",2,"Sex, age and race",5,Male: Black or African American,5.122,1981,5,15-24 years,11.2
Death rates for suicide,"Deaths per 100,000 resident population, crude",2,"Sex, age and race",5,Male: Black or African American,5.122,1982,6,15-24 years,11.3
Death rates for suicide,"Deaths per 100,000 resident population, crude",2,"Sex, age and race",5,Male: Black or African American,5.122,1983,7,15-24 years,11.5
Death rates for suicide,"Deaths per 100,000 resident population, crude",2,"Sex, age and race",5,Male: Black or African American,5.122,1984,8,15-24 years,11.2
Death rates for suicide,"Deaths per 100,000 resident population, crude",2,"Sex, age and race",5,Male: Black or African American,5.122,1985,9,15-24 years,13.3
Death rates for suicide,"Deaths per 100,000 resident population, crude",2,"Sex, age and race",5,Male: Black or African American,5.122,1986,10,15-24 years,11.4
Death rates for suicide,"Deaths per 100,000 resident population, crude",2,"Sex, age and race",5,Male: Black or African American,5.122,1987,11,15-24 years,12.9
Death rates for suicide,"Deaths per 100,000 resident population, crude",2,"Sex, age and race",5,Male: Black or African American,5.122,1988,12,15-24 years,14.5
Death rates for suicide,"Deaths per 100,000 resident population, crude",2,"Sex, age and race",5,Male: Black or African American,5.122,1989,13,15-24 years,16.6
Death rates for suicide,"Deaths per 100,000 resident population, crude",2,"Sex, age and race",5,Male: Black or African American,5.122,1990,14,15-24 years,15.1
Death rates for suicide,"Deaths per 100,000 resident population, crude",2,"Sex, age and race",5,Male: Black or African American,5.122,1991,15,15-24 years,16.4
Death rates for suicide,"Deaths per 100,000 resident population, crude",2,"Sex, age and race",5,Male: Black or African American,5.122,1992,16,15-24 years,17.9
Death rates for suicide,"Deaths per 100,000 resident population, crude",2,"Sex, age and race",5,Male: Black or African American,5.122,1993,17,15-24 years,19.9
Death rates for suicide,"Deaths per 100,000 resident population, crude",2,"Sex, age and race",5,Male: Black or African American,5.122,1994,18,15-24 years,20.4
Death rates for suicide,"Deaths per 100,000 resident population, crude",2,"Sex, age and race",5,Male: Black or African American,5.122,1995,19,15-24 years,17.8
Death rates for suicide,"Deaths per 100,000 resident population, crude",2,"Sex, age and race",5,Male: Black or African American,5.122,1996,20,15-24 years,16.6
Death rates for suicide,"Deaths per 100,000 resident population, crude",2,"Sex, age and race",5,Male: Black or African American,5.122,1997,21,15-24 years,15.9
Death rates for suicide,"Deaths per 100,000 resident population, crude",2,"Sex, age and race",5,Male: Black or African American,5.122,1998,22,15-24 years,14.9
Death rates for suicide,"Deaths per 100,000 resident population, crude",2,"Sex, age and race",5,Male: Black or African American,5.122,1999,23,15-24 years,14.3
Death rates for suicide,"Deaths per 100,000 resident population, crude",2,"Sex, age and race",5,Male: Black or African American,5.122,2000,24,15-24 years,14.2
Death rates for suicide,"Deaths per 100,000 resident population, crude",2,"Sex, age and race",5,Male: Black or African American,5.122,2001,25,15-24 years,13
Death rates for suicide,"Deaths per 100,000 resident population, crude",2,"Sex, age and race",5,Male: Black or African American,5.122,2002,26,15-24 years,11.3
Death rates for suicide,"Deaths per 100,000 resident population, crude",2,"Sex, age and race",5,Male: Black or African American,5.122,2003,27,15-24 years,12.1
Death rates for suicide,"Deaths per 100,000 resident population, crude",2,"Sex, age and race",5,Male: Black or African American,5.122,2004,28,15-24 years,12.1
Death rates for suicide,"Deaths per 100,000 resident population, crude",2,"Sex, age and race",5,Male: Black or African American,5.122,2005,29,15-24 years,11.4
Death rates for suicide,"Deaths per 100,000 resident population, crude",2,"Sex, age and race",5,Male: Black or African American,5.122,2006,30,15-24 years,10.5
Death rates for suicide,"Deaths per 100,000 resident population, crude",2,"Sex, age and race",5,Male: Black or African American,5.122,2007,31,15-24 years,10.1
Death rates for suicide,"Deaths per 100,000 resident population, crude",2,"Sex, age and race",5,Male: Black or African American,5.122,2008,32,15-24 years,12
Death rates for suicide,"Deaths per 100,000 resident population, crude",2,"Sex, age and race",5,Male: Black or African American,5.122,2009,33,15-24 years,10.4
Death rates for suicide,"Deaths per 100,000 resident population, crude",2,"Sex, age and race",5,Male: Black or African American,5.122,2010,34,15-24 years,11.1
Death rates for suicide,"Deaths per 100,000 resident population, crude",2,"Sex, age and race",5,Male: Black or African American,5.122,2011,35,15-24 years,11.5
Death rates for suicide,"Deaths per 100,000 resident population, crude",2,"Sex, age and race",5,Male: Black or African American,5.122,2012,36,15-24 years,11.4
Death rates for suicide,"Deaths per 100,000 resident population, crude",2,"Sex, age and race",5,Male: Black or African American,5.122,2013,37,15-24 years,11.5
Death rates for suicide,"Deaths per 100,000 resident population, crude",2,"Sex, age and race",5,Male: Black or African American,5.122,2014,38,15-24 years,12
Death rates for suicide,"Deaths per 100,000 resident population, crude",2,"Sex, age and race",5,Male: Black or African American,5.122,2015,39,15-24 years,12.9
Death rates for suicide,"Deaths per 100,000 resident population, crude",2,"Sex, age and race",5,Male: Black or African American,5.122,2016,40,15-24 years,14.7
Death rates for suicide,"Deaths per 100,000 resident population, crude",2,"Sex, age and race",5,Male: Black or African American,5.122,2017,41,15-24 years,16.2
Death rates for suicide,"Deaths per 100,000 resident population, crude",2,"Sex, age and race",5,Male: Black or African American,5.122,2018,42,15-24 years,16.4
Death rates for suicide,"Deaths per 100,000 resident population, crude",2,"Sex, age and race",5,Male: American Indian or Alaska Native,5.132,1980,4,15-24 years,45.3
Death rates for suicide,"Deaths per 100,000 resident population, crude",2,"Sex, age and race",5,Male: American Indian or Alaska Native,5.132,1985,9,15-24 years,42
Death rates for suicide,"Deaths per 100,000 resident population, crude",2,"Sex, age and race",5,Male: American Indian or Alaska Native,5.132,1988,12,15-24 years,41.8
Death rates for suicide,"Deaths per 100,000 resident population, crude",2,"Sex, age and race",5,Male: American Indian or Alaska Native,5.132,1989,13,15-24 years,43.7
Death rates for suicide,"Deaths per 100,000 resident population, crude",2,"Sex, age and race",5,Male: American Indian or Alaska Native,5.132,1990,14,15-24 years,49.1
Death rates for suicide,"Deaths per 100,000 resident population, crude",2,"Sex, age and race",5,Male: American Indian or Alaska Native,5.132,1991,15,15-24 years,37.1
Death rates for suicide,"Deaths per 100,000 resident population, crude",2,"Sex, age and race",5,Male: American Indian or Alaska Native,5.132,1992,16,15-24 years,39.1
Death rates for suicide,"Deaths per 100,000 resident population, crude",2,"Sex, age and race",5,Male: American Indian or Alaska Native,5.132,1993,17,15-24 years,29.7
Death rates for suicide,"Deaths per 100,000 resident population, crude",2,"Sex, age and race",5,Male: American Indian or Alaska Native,5.132,1994,18,15-24 years,42.1
Death rates for suicide,"Deaths per 100,000 resident population, crude",2,"Sex, age and race",5,Male: American Indian or Alaska Native,5.132,1995,19,15-24 years,30.8
Death rates for suicide,"Deaths per 100,000 resident population, crude",2,"Sex, age and race",5,Male: American Indian or Alaska Native,5.132,1996,20,15-24 years,28.9
Death rates for suicide,"Deaths per 100,000 resident population, crude",2,"Sex, age and race",5,Male: American Indian or Alaska Native,5.132,1997,21,15-24 years,33.8
Death rates for suicide,"Deaths per 100,000 resident population, crude",2,"Sex, age and race",5,Male: American Indian or Alaska Native,5.132,1998,22,15-24 years,36
Death rates for suicide,"Deaths per 100,000 resident population, crude",2,"Sex, age and race",5,Male: American Indian or Alaska Native,5.132,1999,23,15-24 years,30.8
Death rates for suicide,"Deaths per 100,000 resident population, crude",2,"Sex, age and race",5,Male: American Indian or Alaska Native,5.132,2000,24,15-24 years,26.2
Death rates for suicide,"Deaths per 100,000 resident population, crude",2,"Sex, age and race",5,Male: American Indian or Alaska Native,5.132,2001,25,15-24 years,23.8
Death rates for suicide,"Deaths per 100,000 resident population, crude",2,"Sex, age and race",5,Male: American Indian or Alaska Native,5.132,2002,26,15-24 years,26.3
Death rates for suicide,"Deaths per 100,000 resident population, crude",2,"Sex, age and race",5,Male: American Indian or Alaska Native,5.132,2003,27,15-24 years,25.1
Death rates for suicide,"Deaths per 100,000 resident population, crude",2,"Sex, age and race",5,Male: American Indian or Alaska Native,5.132,2004,28,15-24 years,27.6
Death rates for suicide,"Deaths per 100,000 resident population, crude",2,"Sex, age and race",5,Male: American Indian or Alaska Native,5.132,2005,29,15-24 years,28.6
Death rates for suicide,"Deaths per 100,000 resident population, crude",2,"Sex, age and race",5,Male: American Indian or Alaska Native,5.132,2006,30,15-24 years,30.6
Death rates for suicide,"Deaths per 100,000 resident population, crude",2,"Sex, age and race",5,Male: American Indian or Alaska Native,5.132,2007,31,15-24 years,26.8
Death rates for suicide,"Deaths per 100,000 resident population, crude",2,"Sex, age and race",5,Male: American Indian or Alaska Native,5.132,2008,32,15-24 years,29
Death rates for suicide,"Deaths per 100,000 resident population, crude",2,"Sex, age and race",5,Male: American Indian or Alaska Native,5.132,2009,33,15-24 years,28.9
Death rates for suicide,"Deaths per 100,000 resident population, crude",2,"Sex, age and race",5,Male: American Indian or Alaska Native,5.132,2010,34,15-24 years,30.6
Death rates for suicide,"Deaths per 100,000 resident population, crude",2,"Sex, age and race",5,Male: American Indian or Alaska Native,5.132,2011,35,15-24 years,27.6
Death rates for suicide,"Deaths per 100,000 resident population, crude",2,"Sex, age and race",5,Male: American Indian or Alaska Native,5.132,2012,36,15-24 years,29.3
Death rates for suicide,"Deaths per 100,000 resident population, crude",2,"Sex, age and race",5,Male: American Indian or Alaska Native,5.132,2013,37,15-24 years,29.1
Death rates for suicide,"Deaths per 100,000 resident population, crude",2,"Sex, age and race",5,Male: American Indian or Alaska Native,5.132,2014,38,15-24 years,23.5
Death rates for suicide,"Deaths per 100,000 resident population, crude",2,"Sex, age and race",5,Male: American Indian or Alaska Native,5.132,2015,39,15-24 years,29.5
Death rates for suicide,"Deaths per 100,000 resident population, crude",2,"Sex, age and race",5,Male: American Indian or Alaska Native,5.132,2016,40,15-24 years,32.6
Death rates for suicide,"Deaths per 100,000 resident population, crude",2,"Sex, age and race",5,Male: American Indian or Alaska Native,5.132,2017,41,15-24 years,32.9
Death rates for suicide,"Deaths per 100,000 resident population, crude",2,"Sex, age and race",5,Male: American Indian or Alaska Native,5.132,2018,42,15-24 years,36.2
Death rates for suicide,"Deaths per 100,000 resident population, crude",2,"Sex, age and race",5,Male: Asian or Pacific Islander,5.142,1980,4,15-24 years,10.8
Death rates for suicide,"Deaths per 100,000 resident population, crude",2,"Sex, age and race",5,Male: Asian or Pacific Islander,5.142,1985,9,15-24 years,14.2
Death rates for suicide,"Deaths per 100,000 resident population, crude",2,"Sex, age and race",5,Male: Asian or Pacific Islander,5.142,1988,12,15-24 years,8.5
Death rates for suicide,"Deaths per 100,000 resident population, crude",2,"Sex, age and race",5,Male: Asian or Pacific Islander,5.142,1989,13,15-24 years,11.6
Death rates for suicide,"Deaths per 100,000 resident population, crude",2,"Sex, age and race",5,Male: Asian or Pacific Islander,5.142,1990,14,15-24 years,13.5
Death rates for suicide,"Deaths per 100,000 resident population, crude",2,"Sex, age and race",5,Male: Asian or Pacific Islander,5.142,1991,15,15-24 years,12.7
Death rates for suicide,"Deaths per 100,000 resident population, crude",2,"Sex, age and race",5,Male: Asian or Pacific Islander,5.142,1992,16,15-24 years,13.3
Death rates for suicide,"Deaths per 100,000 resident population, crude",2,"Sex, age and race",5,Male: Asian or Pacific Islander,5.142,1993,17,15-24 years,11.9
Death rates for suicide,"Deaths per 100,000 resident population, crude",2,"Sex, age and race",5,Male: Asian or Pacific Islander,5.142,1994,18,15-24 years,13.9
Death rates for suicide,"Deaths per 100,000 resident population, crude",2,"Sex, age and race",5,Male: Asian or Pacific Islander,5.142,1995,19,15-24 years,14.4
Death rates for suicide,"Deaths per 100,000 resident population, crude",2,"Sex, age and race",5,Male: Asian or Pacific Islander,5.142,1996,20,15-24 years,10.9
Death rates for suicide,"Deaths per 100,000 resident population, crude",2,"Sex, age and race",5,Male: Asian or Pacific Islander,5.142,1997,21,15-24 years,10.9
Death rates for suicide,"Deaths per 100,000 resident population, crude",2,"Sex, age and race",5,Male: Asian or Pacific Islander,5.142,1998,22,15-24 years,9.7
Death rates for suicide,"Deaths per 100,000 resident population, crude",2,"Sex, age and race",5,Male: Asian or Pacific Islander,5.142,1999,23,15-24 years,9.1
Death rates for suicide,"Deaths per 100,000 resident population, crude",2,"Sex, age and race",5,Male: Asian or Pacific Islander,5.142,2000,24,15-24 years,9.1
Death rates for suicide,"Deaths per 100,000 resident population, crude",2,"Sex, age and race",5,Male: Asian or Pacific Islander,5.142,2001,25,15-24 years,8.7
Death rates for suicide,"Deaths per 100,000 resident population, crude",2,"Sex, age and race",5,Male: Asian or Pacific Islander,5.142,2002,26,15-24 years,8.1
Death rates for suicide,"Deaths per 100,000 resident population, crude",2,"Sex, age and race",5,Male: Asian or Pacific Islander,5.142,2003,27,15-24 years,8.4
Death rates for suicide,"Deaths per 100,000 resident population, crude",2,"Sex, age and race",5,Male: Asian or Pacific Islander,5.142,2004,28,15-24 years,8.5
Death rates for suicide,"Deaths per 100,000 resident population, crude",2,"Sex, age and race",5,Male: Asian or Pacific Islander,5.142,2005,29,15-24 years,6.5
Death rates for suicide,"Deaths per 100,000 resident population, crude",2,"Sex, age and race",5,Male: Asian or Pacific Islander,5.142,2006,30,15-24 years,10.6
Death rates for suicide,"Deaths per 100,000 resident population, crude",2,"Sex, age and race",5,Male: Asian or Pacific Islander,5.142,2007,31,15-24 years,11.4
Death rates for suicide,"Deaths per 100,000 resident population, crude",2,"Sex, age and race",5,Male: Asian or Pacific Islander,5.142,2008,32,15-24 years,7.1
Death rates for suicide,"Deaths per 100,000 resident population, crude",2,"Sex, age and race",5,Male: Asian or Pacific Islander,5.142,2009,33,15-24 years,8
Death rates for suicide,"Deaths per 100,000 resident population, crude",2,"Sex, age and race",5,Male: Asian or Pacific Islander,5.142,2010,34,15-24 years,10.9
Death rates for suicide,"Deaths per 100,000 resident population, crude",2,"Sex, age and race",5,Male: Asian or Pacific Islander,5.142,2011,35,15-24 years,9.6
Death rates for suicide,"Deaths per 100,000 resident population, crude",2,"Sex, age and race",5,Male: Asian or Pacific Islander,5.142,2012,36,15-24 years,9.7
Death rates for suicide,"Deaths per 100,000 resident population, crude",2,"Sex, age and race",5,Male: Asian or Pacific Islander,5.142,2013,37,15-24 years,11.9
Death rates for suicide,"Deaths per 100,000 resident population, crude",2,"Sex, age and race",5,Male: Asian or Pacific Islander,5.142,2014,38,15-24 years,12.9
Death rates for suicide,"Deaths per 100,000 resident population, crude",2,"Sex, age and race",5,Male: Asian or Pacific Islander,5.142,2015,39,15-24 years,15.6
Death rates for suicide,"Deaths per 100,000 resident population, crude",2,"Sex, age and race",5,Male: Asian or Pacific Islander,5.142,2016,40,15-24 years,16.3
Death rates for suicide,"Deaths per 100,000 resident population, crude",2,"Sex, age and race",5,Male: Asian or Pacific Islander,5.142,2017,41,15-24 years,16.5
Death rates for suicide,"Deaths per 100,000 resident population, crude",2,"Sex, age and race",5,Male: Asian or Pacific Islander,5.142,2018,42,15-24 years,15.5
Death rates for suicide,"Deaths per 100,000 resident population, crude",2,"Sex, age and race",5,Female: Black or African American,5.222,1950,1,15-24 years,1.8
Death rates for suicide,"Deaths per 100,000 resident population, crude",2,"Sex, age and race",5,Female: Black or African American,5.222,1970,3,15-24 years,3.8
Death rates for suicide,"Deaths per 100,000 resident population, crude",2,"Sex, age and race",5,Female: Black or African American,5.222,1980,4,15-24 years,2.3
Death rates for suicide,"Deaths per 100,000 resident population, crude",2,"Sex, age and race",5,Female: Black or African American,5.222,1981,5,15-24 years,2.4
Death rates for suicide,"Deaths per 100,000 resident population, crude",2,"Sex, age and race",5,Female: Black or African American,5.222,1982,6,15-24 years,2.3
Death rates for suicide,"Deaths per 100,000 resident population, crude",2,"Sex, age and race",5,Female: Black or African American,5.222,1983,7,15-24 years,2.7
Death rates for suicide,"Deaths per 100,000 resident population, crude",2,"Sex, age and race",5,Female: Black or African American,5.222,1984,8,15-24 years,2.4
Death rates for suicide,"Deaths per 100,000 resident population, crude",2,"Sex, age and race",5,Female: Black or African American,5.222,1985,9,15-24 years,2
Death rates for suicide,"Deaths per 100,000 resident population, crude",2,"Sex, age and race",5,Female: Black or African American,5.222,1986,10,15-24 years,2.3
Death rates for suicide,"Deaths per 100,000 resident population, crude",2,"Sex, age and race",5,Female: Black or African American,5.222,1987,11,15-24 years,2.5
Death rates for suicide,"Deaths per 100,000 resident population, crude",2,"Sex, age and race",5,Female: Black or African American,5.222,1988,12,15-24 years,2.6
Death rates for suicide,"Deaths per 100,000 resident population, crude",2,"Sex, age and race",5,Female: Black or African American,5.222,1989,13,15-24 years,2.9
Death rates for suicide,"Deaths per 100,000 resident population, crude",2,"Sex, age and race",5,Female: Black or African American,5.222,1990,14,15-24 years,2.3
Death rates for suicide,"Deaths per 100,000 resident population, crude",2,"Sex, age and race",5,Female: Black or African American,5.222,1991,15,15-24 years,1.6
Death rates for suicide,"Deaths per 100,000 resident population, crude",2,"Sex, age and race",5,Female: Black or African American,5.222,1992,16,15-24 years,2.1
Death rates for suicide,"Deaths per 100,000 resident population, crude",2,"Sex, age and race",5,Female: Black or African American,5.222,1993,17,15-24 years,2.6
Death rates for suicide,"Deaths per 100,000 resident population, crude",2,"Sex, age and race",5,Female: Black or African American,5.222,1994,18,15-24 years,2.7
Death rates for suicide,"Deaths per 100,000 resident population, crude",2,"Sex, age and race",5,Female: Black or African American,5.222,1995,19,15-24 years,2.2
Death rates for suicide,"Deaths per 100,000 resident population, crude",2,"Sex, age and race",5,Female: Black or African American,5.222,1996,20,15-24 years,2.2
Death rates for suicide,"Deaths per 100,000 resident population, crude",2,"Sex, age and race",5,Female: Black or African American,5.222,1997,21,15-24 years,2.3
Death rates for suicide,"Deaths per 100,000 resident population, crude",2,"Sex, age and race",5,Female: Black or African American,5.222,1998,22,15-24 years,2.2
Death rates for suicide,"Deaths per 100,000 resident population, crude",2,"Sex, age and race",5,Female: Black or African American,5.222,1999,23,15-24 years,1.9
Death rates for suicide,"Deaths per 100,000 resident population, crude",2,"Sex, age and race",5,Female: Black or African American,5.222,2000,24,15-24 years,2.2
Death rates for suicide,"Deaths per 100,000 resident population, crude",2,"Sex, age and race",5,Female: Black or African American,5.222,2001,25,15-24 years,1.2
Death rates for suicide,"Deaths per 100,000 resident population, crude",2,"Sex, age and race",5,Female: Black or African American,5.222,2002,26,15-24 years,1.7
Death rates for suicide,"Deaths per 100,000 resident population, crude",2,"Sex, age and race",5,Female: Black or African American,5.222,2003,27,15-24 years,2
Death rates for suicide,"Deaths per 100,000 resident population, crude",2,"Sex, age and race",5,Female: Black or African American,5.222,2004,28,15-24 years,2.1
Death rates for suicide,"Deaths per 100,000 resident population, crude",2,"Sex, age and race",5,Female: Black or African American,5.222,2005,29,15-24 years,1.7
Death rates for suicide,"Deaths per 100,000 resident population, crude",2,"Sex, age and race",5,Female: Black or African American,5.222,2006,30,15-24 years,1.7
Death rates for suicide,"Deaths per 100,000 resident population, crude",2,"Sex, age and race",5,Female: Black or African American,5.222,2007,31,15-24 years,1.6
Death rates for suicide,"Deaths per 100,000 resident population, crude",2,"Sex, age and race",5,Female: Black or African American,5.222,2008,32,15-24 years,2.4
Death rates for suicide,"Deaths per 100,000 resident population, crude",2,"Sex, age and race",5,Female: Black or African American,5.222,2009,33,15-24 years,2.1
Death rates for suicide,"Deaths per 100,000 resident population, crude",2,"Sex, age and race",5,Female: Black or African American,5.222,2010,34,15-24 years,2
Death rates for suicide,"Deaths per 100,000 resident population, crude",2,"Sex, age and race",5,Female: Black or African American,5.222,2011,35,15-24 years,2.3
Death rates for suicide,"Deaths per 100,000 resident population, crude",2,"Sex, age and race",5,Female: Black or African American,5.222,2012,36,15-24 years,2.8
Death rates for suicide,"Deaths per 100,000 resident population, crude",2,"Sex, age and race",5,Female: Black or African American,5.222,2013,37,15-24 years,2.6
Death rates for suicide,"Deaths per 100,000 resident population, crude",2,"Sex, age and race",5,Female: Black or African American,5.222,2014,38,15-24 years,2.6
Death rates for suicide,"Deaths per 100,000 resident population, crude",2,"Sex, age and race",5,Female: Black or African American,5.222,2015,39,15-24 years,3.6
Death rates for suicide,"Deaths per 100,000 resident population, crude",2,"Sex, age and race",5,Female: Black or African American,5.222,2016,40,15-24 years,4
Death rates for suicide,"Deaths per 100,000 resident population, crude",2,"Sex, age and race",5,Female: Black or African American,5.222,2017,41,15-24 years,4.3
Death rates for suicide,"Deaths per 100,000 resident population, crude",2,"Sex, age and race",5,Female: Black or African American,5.222,2018,42,15-24 years,4.2
Death rates for suicide,"Deaths per 100,000 resident population, crude",2,"Sex, age and race",5,Female: American Indian or Alaska Native,5.232,1993,17,15-24 years,10.5
Death rates for suicide,"Deaths per 100,000 resident population, crude",2,"Sex, age and race",5,Female: American Indian or Alaska Native,5.232,1996,20,15-24 years,9.4
Death rates for suicide,"Deaths per 100,000 resident population, crude",2,"Sex, age and race",5,Female: American Indian or Alaska Native,5.232,2002,26,15-24 years,7.1
Death rates for suicide,"Deaths per 100,000 resident population, crude",2,"Sex, age and race",5,Female: American Indian or Alaska Native,5.232,2003,27,15-24 years,7.8
Death rates for suicide,"Deaths per 100,000 resident population, crude",2,"Sex, age and race",5,Female: American Indian or Alaska Native,5.232,2004,28,15-24 years,9.8
Death rates for suicide,"Deaths per 100,000 resident population, crude",2,"Sex, age and race",5,Female: American Indian or Alaska Native,5.232,2005,29,15-24 years,9.1
Death rates for suicide,"Deaths per 100,000 resident population, crude",2,"Sex, age and race",5,Female: American Indian or Alaska Native,5.232,2006,30,15-24 years,7.9
Death rates for suicide,"Deaths per 100,000 resident population, crude",2,"Sex, age and race",5,Female: American Indian or Alaska Native,5.232,2007,31,15-24 years,6.7
Death rates for suicide,"Deaths per 100,000 resident population, crude",2,"Sex, age and race",5,Female: American Indian or Alaska Native,5.232,2008,32,15-24 years,8.6
Death rates for suicide,"Deaths per 100,000 resident population, crude",2,"Sex, age and race",5,Female: American Indian or Alaska Native,5.232,2009,33,15-24 years,11.1
Death rates for suicide,"Deaths per 100,000 resident population, crude",2,"Sex, age and race",5,Female: American Indian or Alaska Native,5.232,2010,34,15-24 years,10.4
Death rates for suicide,"Deaths per 100,000 resident population, crude",2,"Sex, age and race",5,Female: American Indian or Alaska Native,5.232,2011,35,15-24 years,7.1
Death rates for suicide,"Deaths per 100,000 resident population, crude",2,"Sex, age and race",5,Female: American Indian or Alaska Native,5.232,2012,36,15-24 years,9.7
Death rates for suicide,"Deaths per 100,000 resident population, crude",2,"Sex, age and race",5,Female: American Indian or Alaska Native,5.232,2013,37,15-24 years,9.4
Death rates for suicide,"Deaths per 100,000 resident population, crude",2,"Sex, age and race",5,Female: American Indian or Alaska Native,5.232,2014,38,15-24 years,9.6
Death rates for suicide,"Deaths per 100,000 resident population, crude",2,"Sex, age and race",5,Female: American Indian or Alaska Native,5.232,2015,39,15-24 years,11.7
Death rates for suicide,"Deaths per 100,000 resident population, crude",2,"Sex, age and race",5,Female: American Indian or Alaska Native,5.232,2016,40,15-24 years,11.8
Death rates for suicide,"Deaths per 100,000 resident population, crude",2,"Sex, age and race",5,Female: American Indian or Alaska Native,5.232,2017,41,15-24 years,12.1
Death rates for suicide,"Deaths per 100,000 resident population, crude",2,"Sex, age and race",5,Female: American Indian or Alaska Native,5.232,2018,42,15-24 years,10.2
Death rates for suicide,"Deaths per 100,000 resident population, crude",2,"Sex, age and race",5,Female: Asian or Pacific Islander,5.242,1985,9,15-24 years,5.8
Death rates for suicide,"Deaths per 100,000 resident population, crude",2,"Sex, age and race",5,Female: Asian or Pacific Islander,5.242,1989,13,15-24 years,4.2
Death rates for suicide,"Deaths per 100,000 resident population, crude",2,"Sex, age and race",5,Female: Asian or Pacific Islander,5.242,1990,14,15-24 years,3.9
Death rates for suicide,"Deaths per 100,000 resident population, crude",2,"Sex, age and race",5,Female: Asian or Pacific Islander,5.242,1992,16,15-24 years,5.4
Death rates for suicide,"Deaths per 100,000 resident population, crude",2,"Sex, age and race",5,Female: Asian or Pacific Islander,5.242,1993,17,15-24 years,4.7
Death rates for suicide,"Deaths per 100,000 resident population, crude",2,"Sex, age and race",5,Female: Asian or Pacific Islander,5.242,1994,18,15-24 years,5.4
Death rates for suicide,"Deaths per 100,000 resident population, crude",2,"Sex, age and race",5,Female: Asian or Pacific Islander,5.242,1995,19,15-24 years,4.8
Death rates for suicide,"Deaths per 100,000 resident population, crude",2,"Sex, age and race",5,Female: Asian or Pacific Islander,5.242,1996,20,15-24 years,2.8
Death rates for suicide,"Deaths per 100,000 resident population, crude",2,"Sex, age and race",5,Female: Asian or Pacific Islander,5.242,1997,21,15-24 years,4.3
Death rates for suicide,"Deaths per 100,000 resident population, crude",2,"Sex, age and race",5,Female: Asian or Pacific Islander,5.242,1998,22,15-24 years,2.5
Death rates for suicide,"Deaths per 100,000 resident population, crude",2,"Sex, age and race",5,Female: Asian or Pacific Islander,5.242,1999,23,15-24 years,4
Death rates for suicide,"Deaths per 100,000 resident population, crude",2,"Sex, age and race",5,Female: Asian or Pacific Islander,5.242,2000,24,15-24 years,2.7
Death rates for suicide,"Deaths per 100,000 resident population, crude",2,"Sex, age and race",5,Female: Asian or Pacific Islander,5.242,2001,25,15-24 years,3.4
Death rates for suicide,"Deaths per 100,000 resident population, crude",2,"Sex, age and race",5,Female: Asian or Pacific Islander,5.242,2003,27,15-24 years,3.1
Death rates for suicide,"Deaths per 100,000 resident population, crude",2,"Sex, age and race",5,Female: Asian or Pacific Islander,5.242,2004,28,15-24 years,2.6
Death rates for suicide,"Deaths per 100,000 resident population, crude",2,"Sex, age and race",5,Female: Asian or Pacific Islander,5.242,2005,29,15-24 years,3.2
Death rates for suicide,"Deaths per 100,000 resident population, crude",2,"Sex, age and race",5,Female: Asian or Pacific Islander,5.242,2006,30,15-24 years,3.5
Death rates for suicide,"Deaths per 100,000 resident population, crude",2,"Sex, age and race",5,Female: Asian or Pacific Islander,5.242,2007,31,15-24 years,3.2
Death rates for suicide,"Deaths per 100,000 resident population, crude",2,"Sex, age and race",5,Female: Asian or Pacific Islander,5.242,2008,32,15-24 years,3.9
Death rates for suicide,"Deaths per 100,000 resident population, crude",2,"Sex, age and race",5,Female: Asian or Pacific Islander,5.242,2009,33,15-24 years,4.4
Death rates for suicide,"Deaths per 100,000 resident population, crude",2,"Sex, age and race",5,Female: Asian or Pacific Islander,5.242,2010,34,15-24 years,3.5
Death rates for suicide,"Deaths per 100,000 resident population, crude",2,"Sex, age and race",5,Female: Asian or Pacific Islander,5.242,2011,35,15-24 years,3.1
Death rates for suicide,"Deaths per 100,000 resident population, crude",2,"Sex, age and race",5,Female: Asian or Pacific Islander,5.242,2012,36,15-24 years,5.5
Death rates for suicide,"Deaths per 100,000 resident population, crude",2,"Sex, age and race",5,Female: Asian or Pacific Islander,5.242,2013,37,15-24 years,3.6
Death rates for suicide,"Deaths per 100,000 resident population, crude",2,"Sex, age and race",5,Female: Asian or Pacific Islander,5.242,2014,38,15-24 years,4.1
Death rates for suicide,"Deaths per 100,000 resident population, crude",2,"Sex, age and race",5,Female: Asian or Pacific Islander,5.242,2015,39,15-24 years,4.9
Death rates for suicide,"Deaths per 100,000 resident population, crude",2,"Sex, age and race",5,Female: Asian or Pacific Islander,5.242,2016,40,15-24 years,6.3
Death rates for suicide,"Deaths per 100,000 resident population, crude",2,"Sex, age and race",5,Female: Asian or Pacific Islander,5.242,2017,41,15-24 years,6.3
Death rates for suicide,"Deaths per 100,000 resident population, crude",2,"Sex, age and race",5,Female: Asian or Pacific Islander,5.242,2018,42,15-24 years,6.8
Death rates for suicide,"Deaths per 100,000 resident population, crude",2,"Sex, age and race and Hispanic origin",7,Male: Not Hispanic or Latino: American Indian or Alaska Native,6.141,1999,23,15-24 years,39.1
Death rates for suicide,"Deaths per 100,000 resident population, crude",2,"Sex, age and race and Hispanic origin",7,Male: Not Hispanic or Latino: American Indian or Alaska Native,6.141,2000,24,15-24 years,33
Death rates for suicide,"Deaths per 100,000 resident population, crude",2,"Sex, age and race and Hispanic origin",7,Male: Not Hispanic or Latino: American Indian or Alaska Native,6.141,2001,25,15-24 years,29.2
Death rates for suicide,"Deaths per 100,000 resident population, crude",2,"Sex, age and race and Hispanic origin",7,Male: Not Hispanic or Latino: White,7.112,2005,29,15-24 years,18.8
Death rates for suicide,"Deaths per 100,000 resident population, crude",2,"Sex, age and race and Hispanic origin",7,Male: Not Hispanic or Latino: American Indian or Alaska Native,6.141,2002,26,15-24 years,36
Death rates for suicide,"Deaths per 100,000 resident population, crude",2,"Sex, age and race and Hispanic origin",7,Male: Not Hispanic or Latino: American Indian or Alaska Native,6.141,2003,27,15-24 years,35.4
Death rates for suicide,"Deaths per 100,000 resident population, crude",2,"Sex, age and race and Hispanic origin",7,Male: Not Hispanic or Latino: American Indian or Alaska Native,6.141,2004,28,15-24 years,40.2
Death rates for suicide,"Deaths per 100,000 resident population, crude",2,"Sex, age and race and Hispanic origin",7,Male: Not Hispanic or Latino: American Indian or Alaska Native,6.141,2005,29,15-24 years,41.3
Death rates for suicide,"Deaths per 100,000 resident population, crude",2,"Sex, age and race and Hispanic origin",7,Male: Not Hispanic or Latino: American Indian or Alaska Native,6.141,2006,30,15-24 years,44.4
Death rates for suicide,"Deaths per 100,000 resident population, crude",2,"Sex, age and race and Hispanic origin",7,Male: Not Hispanic or Latino: American Indian or Alaska Native,6.141,2007,31,15-24 years,41.2
Death rates for suicide,"Deaths per 100,000 resident population, crude",2,"Sex, age and race and Hispanic origin",7,Male: Not Hispanic or Latino: American Indian or Alaska Native,6.141,2008,32,15-24 years,44.6
Death rates for suicide,"Deaths per 100,000 resident population, crude",2,"Sex, age and race and Hispanic origin",7,Male: Not Hispanic or Latino: American Indian or Alaska Native,6.141,2009,33,15-24 years,47.3
Death rates for suicide,"Deaths per 100,000 resident population, crude",2,"Sex, age and race and Hispanic origin",7,Male: Not Hispanic or Latino: American Indian or Alaska Native,6.141,2010,34,15-24 years,51.9
Death rates for suicide,"Deaths per 100,000 resident population, crude",2,"Sex, age and race and Hispanic origin",7,Male: Not Hispanic or Latino: American Indian or Alaska Native,6.141,2011,35,15-24 years,46.1
Death rates for suicide,"Deaths per 100,000 resident population, crude",2,"Sex, age and race and Hispanic origin",7,Male: Not Hispanic or Latino: American Indian or Alaska Native,6.141,2012,36,15-24 years,48.5
Death rates for suicide,"Deaths per 100,000 resident population, crude",2,"Sex, age and race and Hispanic origin",7,Male: Not Hispanic or Latino: American Indian or Alaska Native,6.141,2013,37,15-24 years,47.5
Death rates for suicide,"Deaths per 100,000 resident population, crude",2,"Sex, age and race and Hispanic origin",7,Male: Not Hispanic or Latino: American Indian or Alaska Native,6.141,2014,38,15-24 years,38.2
Death rates for suicide,"Deaths per 100,000 resident population, crude",2,"Sex, age and race and Hispanic origin",7,Male: Not Hispanic or Latino: American Indian or Alaska Native,6.141,2015,39,15-24 years,49.2
Death rates for suicide,"Deaths per 100,000 resident population, crude",2,"Sex, age and race and Hispanic origin",7,Male: Not Hispanic or Latino: American Indian or Alaska Native,6.141,2016,40,15-24 years,51.7
Death rates for suicide,"Deaths per 100,000 resident population, crude",2,"Sex, age and race and Hispanic origin",7,Male: Not Hispanic or Latino: American Indian or Alaska Native,6.141,2017,41,15-24 years,53.7
Death rates for suicide,"Deaths per 100,000 resident population, crude",2,"Sex, age and race and Hispanic origin",7,Male: Not Hispanic or Latino: American Indian or Alaska Native,6.141,2018,42,15-24 years,58.4
Death rates for suicide,"Deaths per 100,000 resident population, crude",2,"Sex, age and race and Hispanic origin",7,Male: Not Hispanic or Latino: Asian or Pacific Islander,6.151,1999,23,15-24 years,9.5
Death rates for suicide,"Deaths per 100,000 resident population, crude",2,"Sex, age and race and Hispanic origin",7,Male: Not Hispanic or Latino: Asian or Pacific Islander,6.151,2000,24,15-24 years,9.2
Death rates for suicide,"Deaths per 100,000 resident population, crude",2,"Sex, age and race and Hispanic origin",7,Male: Not Hispanic or Latino: Asian or Pacific Islander,6.151,2001,25,15-24 years,9
Death rates for suicide,"Deaths per 100,000 resident population, crude",2,"Sex, age and race and Hispanic origin",7,Male: Not Hispanic or Latino: Asian or Pacific Islander,6.151,2002,26,15-24 years,8.3
Death rates for suicide,"Deaths per 100,000 resident population, crude",2,"Sex, age and race and Hispanic origin",7,Male: Not Hispanic or Latino: Asian or Pacific Islander,6.151,2003,27,15-24 years,8.4
Death rates for suicide,"Deaths per 100,000 resident population, crude",2,"Sex, age and race and Hispanic origin",7,Male: Not Hispanic or Latino: Asian or Pacific Islander,6.151,2004,28,15-24 years,8.7
Death rates for suicide,"Deaths per 100,000 resident population, crude",2,"Sex, age and race and Hispanic origin",7,Male: Not Hispanic or Latino: Asian or Pacific Islander,6.151,2005,29,15-24 years,6.7
Death rates for suicide,"Deaths per 100,000 resident population, crude",2,"Sex, age and race and Hispanic origin",7,Male: Not Hispanic or Latino: Asian or Pacific Islander,6.151,2006,30,15-24 years,11
Death rates for suicide,"Deaths per 100,000 resident population, crude",2,"Sex, age and race and Hispanic origin",7,Male: Not Hispanic or Latino: Asian or Pacific Islander,6.151,2007,31,15-24 years,11.7
Death rates for suicide,"Deaths per 100,000 resident population, crude",2,"Sex, age and race and Hispanic origin",7,Male: Not Hispanic or Latino: Asian or Pacific Islander,6.151,2008,32,15-24 years,7.2
Death rates for suicide,"Deaths per 100,000 resident population, crude",2,"Sex, age and race and Hispanic origin",7,Male: Not Hispanic or Latino: Asian or Pacific Islander,6.151,2009,33,15-24 years,7.9
Death rates for suicide,"Deaths per 100,000 resident population, crude",2,"Sex, age and race and Hispanic origin",7,Male: Not Hispanic or Latino: Asian or Pacific Islander,6.151,2010,34,15-24 years,10.4
Death rates for suicide,"Deaths per 100,000 resident population, crude",2,"Sex, age and race and Hispanic origin",7,Male: Not Hispanic or Latino: Asian or Pacific Islander,6.151,2011,35,15-24 years,9.9
Death rates for suicide,"Deaths per 100,000 resident population, crude",2,"Sex, age and race and Hispanic origin",7,Male: Not Hispanic or Latino: Asian or Pacific Islander,6.151,2012,36,15-24 years,10
Death rates for suicide,"Deaths per 100,000 resident population, crude",2,"Sex, age and race and Hispanic origin",7,Male: Not Hispanic or Latino: Asian or Pacific Islander,6.151,2013,37,15-24 years,12
Death rates for suicide,"Deaths per 100,000 resident population, crude",2,"Sex, age and race and Hispanic origin",7,Male: Not Hispanic or Latino: Asian or Pacific Islander,6.151,2014,38,15-24 years,12.8
Death rates for suicide,"Deaths per 100,000 resident population, crude",2,"Sex, age and race and Hispanic origin",7,Male: Not Hispanic or Latino: Asian or Pacific Islander,6.151,2015,39,15-24 years,15.5
Death rates for suicide,"Deaths per 100,000 resident population, crude",2,"Sex, age and race and Hispanic origin",7,Male: Not Hispanic or Latino: Asian or Pacific Islander,6.151,2016,40,15-24 years,16.9
Death rates for suicide,"Deaths per 100,000 resident population, crude",2,"Sex, age and race and Hispanic origin",7,Male: Not Hispanic or Latino: Asian or Pacific Islander,6.151,2017,41,15-24 years,16.9
Death rates for suicide,"Deaths per 100,000 resident population, crude",2,"Sex, age and race and Hispanic origin",7,Male: Not Hispanic or Latino: Asian or Pacific Islander,6.151,2018,42,15-24 years,16
Death rates for suicide,"Deaths per 100,000 resident population, crude",2,"Sex, age and race and Hispanic origin",7,Female: Not Hispanic or Latino: American Indian or Alaska Native,6.241,2003,27,15-24 years,10
Death rates for suicide,"Deaths per 100,000 resident population, crude",2,"Sex, age and race and Hispanic origin",7,Female: Not Hispanic or Latino: American Indian or Alaska Native,6.241,2004,28,15-24 years,13.5
Death rates for suicide,"Deaths per 100,000 resident population, crude",2,"Sex, age and race and Hispanic origin",7,Female: Not Hispanic or Latino: American Indian or Alaska Native,6.241,2005,29,15-24 years,12.9
Death rates for suicide,"Deaths per 100,000 resident population, crude",2,"Sex, age and race and Hispanic origin",7,Female: Not Hispanic or Latino: American Indian or Alaska Native,6.241,2006,30,15-24 years,11.4
Death rates for suicide,"Deaths per 100,000 resident population, crude",2,"Sex, age and race and Hispanic origin",7,Female: Not Hispanic or Latino: American Indian or Alaska Native,6.241,2007,31,15-24 years,10
Death rates for suicide,"Deaths per 100,000 resident population, crude",2,"Sex, age and race and Hispanic origin",7,Female: Not Hispanic or Latino: American Indian or Alaska Native,6.241,2008,32,15-24 years,12.3
Death rates for suicide,"Deaths per 100,000 resident population, crude",2,"Sex, age and race and Hispanic origin",7,Female: Not Hispanic or Latino: American Indian or Alaska Native,6.241,2009,33,15-24 years,17.5
Death rates for suicide,"Deaths per 100,000 resident population, crude",2,"Sex, age and race and Hispanic origin",7,Female: Not Hispanic or Latino: American Indian or Alaska Native,6.241,2010,34,15-24 years,16.7
Death rates for suicide,"Deaths per 100,000 resident population, crude",2,"Sex, age and race and Hispanic origin",7,Female: Not Hispanic or Latino: American Indian or Alaska Native,6.241,2011,35,15-24 years,12
Death rates for suicide,"Deaths per 100,000 resident population, crude",2,"Sex, age and race and Hispanic origin",7,Female: Not Hispanic or Latino: American Indian or Alaska Native,6.241,2012,36,15-24 years,16.1
Death rates for suicide,"Deaths per 100,000 resident population, crude",2,"Sex, age and race and Hispanic origin",7,Female: Not Hispanic or Latino: American Indian or Alaska Native,6.241,2013,37,15-24 years,15.1
Death rates for suicide,"Deaths per 100,000 resident population, crude",2,"Sex, age and race and Hispanic origin",7,Female: Not Hispanic or Latino: American Indian or Alaska Native,6.241,2014,38,15-24 years,15.6
Death rates for suicide,"Deaths per 100,000 resident population, crude",2,"Sex, age and race and Hispanic origin",7,Female: Not Hispanic or Latino: American Indian or Alaska Native,6.241,2015,39,15-24 years,18.5
Death rates for suicide,"Deaths per 100,000 resident population, crude",2,"Sex, age and race and Hispanic origin",7,Female: Not Hispanic or Latino: American Indian or Alaska Native,6.241,2016,40,15-24 years,19.7
Death rates for suicide,"Deaths per 100,000 resident population, crude",2,"Sex, age and race and Hispanic origin",7,Female: Not Hispanic or Latino: American Indian or Alaska Native,6.241,2017,41,15-24 years,20.5
Death rates for suicide,"Deaths per 100,000 resident population, crude",2,"Sex, age and race and Hispanic origin",7,Female: Not Hispanic or Latino: American Indian or Alaska Native,6.241,2018,42,15-24 years,16.4
Death rates for suicide,"Deaths per 100,000 resident population, crude",2,"Sex, age and race and Hispanic origin",7,Female: Not Hispanic or Latino: Asian or Pacific Islander,6.251,1999,23,15-24 years,4.1
Death rates for suicide,"Deaths per 100,000 resident population, crude",2,"Sex, age and race and Hispanic origin",7,Female: Not Hispanic or Latino: Asian or Pacific Islander,6.251,2000,24,15-24 years,2.9
Death rates for suicide,"Deaths per 100,000 resident population, crude",2,"Sex, age and race and Hispanic origin",7,Female: Not Hispanic or Latino: Asian or Pacific Islander,6.251,2001,25,15-24 years,3.5
Death rates for suicide,"Deaths per 100,000 resident population, crude",2,"Sex, age and race and Hispanic origin",7,Female: Not Hispanic or Latino: Asian or Pacific Islander,6.251,2003,27,15-24 years,3.2
Death rates for suicide,"Deaths per 100,000 resident population, crude",2,"Sex, age and race and Hispanic origin",7,Female: Not Hispanic or Latino: Asian or Pacific Islander,6.251,2004,28,15-24 years,2.6
Death rates for suicide,"Deaths per 100,000 resident population, crude",2,"Sex, age and race and Hispanic origin",7,Female: Not Hispanic or Latino: Asian or Pacific Islander,6.251,2005,29,15-24 years,3.4
Death rates for suicide,"Deaths per 100,000 resident population, crude",2,"Sex, age and race and Hispanic origin",7,Female: Not Hispanic or Latino: Asian or Pacific Islander,6.251,2006,30,15-24 years,3.6
Death rates for suicide,"Deaths per 100,000 resident population, crude",2,"Sex, age and race and Hispanic origin",7,Female: Not Hispanic or Latino: Asian or Pacific Islander,6.251,2007,31,15-24 years,3.4
Death rates for suicide,"Deaths per 100,000 resident population, crude",2,"Sex, age and race and Hispanic origin",7,Female: Not Hispanic or Latino: Asian or Pacific Islander,6.251,2008,32,15-24 years,3.9
Death rates for suicide,"Deaths per 100,000 resident population, crude",2,"Sex, age and race and Hispanic origin",7,Female: Not Hispanic or Latino: Asian or Pacific Islander,6.251,2009,33,15-24 years,4.6
Death rates for suicide,"Deaths per 100,000 resident population, crude",2,"Sex, age and race and Hispanic origin",7,Female: Not Hispanic or Latino: Asian or Pacific Islander,6.251,2010,34,15-24 years,3.4
Death rates for suicide,"Deaths per 100,000 resident population, crude",2,"Sex, age and race and Hispanic origin",7,Female: Not Hispanic or Latino: Asian or Pacific Islander,6.251,2011,35,15-24 years,3
Death rates for suicide,"Deaths per 100,000 resident population, crude",2,"Sex, age and race and Hispanic origin",7,Female: Not Hispanic or Latino: Asian or Pacific Islander,6.251,2012,36,15-24 years,5.5
Death rates for suicide,"Deaths per 100,000 resident population, crude",2,"Sex, age and race and Hispanic origin",7,Female: Not Hispanic or Latino: Asian or Pacific Islander,6.251,2013,37,15-24 years,3.6
Death rates for suicide,"Deaths per 100,000 resident population, crude",2,"Sex, age and race and Hispanic origin",7,Female: Not Hispanic or Latino: Asian or Pacific Islander,6.251,2014,38,15-24 years,4.3
Death rates for suicide,"Deaths per 100,000 resident population, crude",2,"Sex, age and race and Hispanic origin",7,Female: Not Hispanic or Latino: Asian or Pacific Islander,6.251,2015,39,15-24 years,4.9
Death rates for suicide,"Deaths per 100,000 resident population, crude",2,"Sex, age and race and Hispanic origin",7,Female: Not Hispanic or Latino: Asian or Pacific Islander,6.251,2016,40,15-24 years,6.4
Death rates for suicide,"Deaths per 100,000 resident population, crude",2,"Sex, age and race and Hispanic origin",7,Female: Not Hispanic or Latino: Asian or Pacific Islander,6.251,2017,41,15-24 years,6.6
Death rates for suicide,"Deaths per 100,000 resident population, crude",2,"Sex, age and race and Hispanic origin",7,Female: Not Hispanic or Latino: Asian or Pacific Islander,6.251,2018,42,15-24 years,7
Death rates for suicide,"Deaths per 100,000 resident population, crude",2,"Sex, age and race and Hispanic origin",7,Male: Not Hispanic or Latino: White,7.112,1985,9,15-24 years,22.6
Death rates for suicide,"Deaths per 100,000 resident population, crude",2,"Sex, age and race and Hispanic origin",7,Male: Not Hispanic or Latino: White,7.112,1986,10,15-24 years,22.3
Death rates for suicide,"Deaths per 100,000 resident population, crude",2,"Sex, age and race and Hispanic origin",7,Male: Not Hispanic or Latino: White,7.112,1987,11,15-24 years,20.5
Death rates for suicide,"Deaths per 100,000 resident population, crude",2,"Sex, age and race and Hispanic origin",7,Male: Not Hispanic or Latino: White,7.112,1988,12,15-24 years,22.2
Death rates for suicide,"Deaths per 100,000 resident population, crude",2,"Sex, age and race and Hispanic origin",7,Male: Not Hispanic or Latino: White,7.112,1989,13,15-24 years,23.2
Death rates for suicide,"Deaths per 100,000 resident population, crude",2,"Sex, age and race and Hispanic origin",7,Male: Not Hispanic or Latino: White,7.112,1990,14,15-24 years,24.4
Death rates for suicide,"Deaths per 100,000 resident population, crude",2,"Sex, age and race and Hispanic origin",7,Male: Not Hispanic or Latino: White,7.112,1991,15,15-24 years,24
Death rates for suicide,"Deaths per 100,000 resident population, crude",2,"Sex, age and race and Hispanic origin",7,Male: Not Hispanic or Latino: White,7.112,1992,16,15-24 years,23.3
Death rates for suicide,"Deaths per 100,000 resident population, crude",2,"Sex, age and race and Hispanic origin",7,Male: Not Hispanic or Latino: White,7.112,1993,17,15-24 years,23.5
Death rates for suicide,"Deaths per 100,000 resident population, crude",2,"Sex, age and race and Hispanic origin",7,Male: Not Hispanic or Latino: White,7.112,1994,18,15-24 years,24.6
Death rates for suicide,"Deaths per 100,000 resident population, crude",2,"Sex, age and race and Hispanic origin",7,Male: Not Hispanic or Latino: White,7.112,1995,19,15-24 years,24
Death rates for suicide,"Deaths per 100,000 resident population, crude",2,"Sex, age and race and Hispanic origin",7,Male: Not Hispanic or Latino: White,7.112,1996,20,15-24 years,21.7
Death rates for suicide,"Deaths per 100,000 resident population, crude",2,"Sex, age and race and Hispanic origin",7,Male: Not Hispanic or Latino: White,7.112,1997,21,15-24 years,20.5
Death rates for suicide,"Deaths per 100,000 resident population, crude",2,"Sex, age and race and Hispanic origin",7,Male: Not Hispanic or Latino: White,7.112,1998,22,15-24 years,20.5
Death rates for suicide,"Deaths per 100,000 resident population, crude",2,"Sex, age and race and Hispanic origin",7,Male: Not Hispanic or Latino: White,7.112,1999,23,15-24 years,19.2
Death rates for suicide,"Deaths per 100,000 resident population, crude",2,"Sex, age and race and Hispanic origin",7,Male: Not Hispanic or Latino: White,7.112,2000,24,15-24 years,19.5
Death rates for suicide,"Deaths per 100,000 resident population, crude",2,"Sex, age and race and Hispanic origin",7,Male: Not Hispanic or Latino: White,7.112,2001,25,15-24 years,19.6
Death rates for suicide,"Deaths per 100,000 resident population, crude",2,"Sex, age and race and Hispanic origin",7,Male: Not Hispanic or Latino: White,7.112,2002,26,15-24 years,19.4
Death rates for suicide,"Deaths per 100,000 resident population, crude",2,"Sex, age and race and Hispanic origin",7,Male: Not Hispanic or Latino: White,7.112,2003,27,15-24 years,18.4
Death rates for suicide,"Deaths per 100,000 resident population, crude",2,"Sex, age and race and Hispanic origin",7,Male: Not Hispanic or Latino: White,7.112,2004,28,15-24 years,19.2
Death rates for suicide,"Deaths per 100,000 resident population, crude",2,"Sex, age and race and Hispanic origin",7,Male: Not Hispanic or Latino: White,7.112,2006,30,15-24 years,18.8
Death rates for suicide,"Deaths per 100,000 resident population, crude",2,"Sex, age and race and Hispanic origin",7,Male: Not Hispanic or Latino: White,7.112,2007,31,15-24 years,18.6
Death rates for suicide,"Deaths per 100,000 resident population, crude",2,"Sex, age and race and Hispanic origin",7,Male: Not Hispanic or Latino: White,7.112,2008,32,15-24 years,19.2
Death rates for suicide,"Deaths per 100,000 resident population, crude",2,"Sex, age and race and Hispanic origin",7,Male: Not Hispanic or Latino: White,7.112,2009,33,15-24 years,19.4
Death rates for suicide,"Deaths per 100,000 resident population, crude",2,"Sex, age and race and Hispanic origin",7,Male: Not Hispanic or Latino: White,7.112,2010,34,15-24 years,20.4
Death rates for suicide,"Deaths per 100,000 resident population, crude",2,"Sex, age and race and Hispanic origin",7,Male: Not Hispanic or Latino: White,7.112,2011,35,15-24 years,21.9
Death rates for suicide,"Deaths per 100,000 resident population, crude",2,"Sex, age and race and Hispanic origin",7,Male: Not Hispanic or Latino: White,7.112,2012,36,15-24 years,21.2
Death rates for suicide,"Deaths per 100,000 resident population, crude",2,"Sex, age and race and Hispanic origin",7,Male: Not Hispanic or Latino: White,7.112,2013,37,15-24 years,21.4
Death rates for suicide,"Deaths per 100,000 resident population, crude",2,"Sex, age and race and Hispanic origin",7,Male: Not Hispanic or Latino: White,7.112,2014,38,15-24 years,22.4
Death rates for suicide,"Deaths per 100,000 resident population, crude",2,"Sex, age and race and Hispanic origin",7,Male: Not Hispanic or Latino: White,7.112,2015,39,15-24 years,23.4
Death rates for suicide,"Deaths per 100,000 resident population, crude",2,"Sex, age and race and Hispanic origin",7,Male: Not Hispanic or Latino: White,7.112,2016,40,15-24 years,24.5
Death rates for suicide,"Deaths per 100,000 resident population, crude",2,"Sex, age and race and Hispanic origin",7,Male: Not Hispanic or Latino: White,7.112,2017,41,15-24 years,27.2
Death rates for suicide,"Deaths per 100,000 resident population, crude",2,"Sex, age and race and Hispanic origin",7,Male: Not Hispanic or Latino: White,7.112,2018,42,15-24 years,27
Death rates for suicide,"Deaths per 100,000 resident population, crude",2,"Sex, age and race and Hispanic origin",7,Male: Not Hispanic or Latino: Black or African American,7.122,1999,23,15-24 years,14.8
Death rates for suicide,"Deaths per 100,000 resident population, crude",2,"Sex, age and race and Hispanic origin",7,Male: Not Hispanic or Latino: Black or African American,7.122,2000,24,15-24 years,14.6
Death rates for suicide,"Deaths per 100,000 resident population, crude",2,"Sex, age and race and Hispanic origin",7,Male: Not Hispanic or Latino: Black or African American,7.122,2001,25,15-24 years,13.4
Death rates for suicide,"Deaths per 100,000 resident population, crude",2,"Sex, age and race and Hispanic origin",7,Male: Not Hispanic or Latino: Black or African American,7.122,2002,26,15-24 years,11.6
Death rates for suicide,"Deaths per 100,000 resident population, crude",2,"Sex, age and race and Hispanic origin",7,Male: Not Hispanic or Latino: Black or African American,7.122,2003,27,15-24 years,12.5
Death rates for suicide,"Deaths per 100,000 resident population, crude",2,"Sex, age and race and Hispanic origin",7,Male: Not Hispanic or Latino: Black or African American,7.122,2004,28,15-24 years,12.4
Death rates for suicide,"Deaths per 100,000 resident population, crude",2,"Sex, age and race and Hispanic origin",7,Male: Not Hispanic or Latino: Black or African American,7.122,2005,29,15-24 years,11.9
Death rates for suicide,"Deaths per 100,000 resident population, crude",2,"Sex, age and race and Hispanic origin",7,Male: Not Hispanic or Latino: Black or African American,7.122,2006,30,15-24 years,10.9
Death rates for suicide,"Deaths per 100,000 resident population, crude",2,"Sex, age and race and Hispanic origin",7,Male: Not Hispanic or Latino: Black or African American,7.122,2007,31,15-24 years,10.5
Death rates for suicide,"Deaths per 100,000 resident population, crude",2,"Sex, age and race and Hispanic origin",7,Male: Not Hispanic or Latino: Black or African American,7.122,2008,32,15-24 years,12.6
Death rates for suicide,"Deaths per 100,000 resident population, crude",2,"Sex, age and race and Hispanic origin",7,Male: Not Hispanic or Latino: Black or African American,7.122,2009,33,15-24 years,10.8
Death rates for suicide,"Deaths per 100,000 resident population, crude",2,"Sex, age and race and Hispanic origin",7,Male: Not Hispanic or Latino: Black or African American,7.122,2010,34,15-24 years,11.5
Death rates for suicide,"Deaths per 100,000 resident population, crude",2,"Sex, age and race and Hispanic origin",7,Male: Not Hispanic or Latino: Black or African American,7.122,2011,35,15-24 years,12
Death rates for suicide,"Deaths per 100,000 resident population, crude",2,"Sex, age and race and Hispanic origin",7,Male: Not Hispanic or Latino: Black or African American,7.122,2012,36,15-24 years,12
Death rates for suicide,"Deaths per 100,000 resident population, crude",2,"Sex, age and race and Hispanic origin",7,Male: Not Hispanic or Latino: Black or African American,7.122,2013,37,15-24 years,12.2
Death rates for suicide,"Deaths per 100,000 resident population, crude",2,"Sex, age and race and Hispanic origin",7,Male: Not Hispanic or Latino: Black or African American,7.122,2014,38,15-24 years,12.4
Death rates for suicide,"Deaths per 100,000 resident population, crude",2,"Sex, age and race and Hispanic origin",7,Male: Not Hispanic or Latino: Black or African American,7.122,2015,39,15-24 years,13.1
Death rates for suicide,"Deaths per 100,000 resident population, crude",2,"Sex, age and race and Hispanic origin",7,Male: Not Hispanic or Latino: Black or African American,7.122,2016,40,15-24 years,15.4
Death rates for suicide,"Deaths per 100,000 resident population, crude",2,"Sex, age and race and Hispanic origin",7,Male: Not Hispanic or Latino: Black or African American,7.122,2017,41,15-24 years,16.8
Death rates for suicide,"Deaths per 100,000 resident population, crude",2,"Sex, age and race and Hispanic origin",7,Male: Not Hispanic or Latino: Black or African American,7.122,2018,42,15-24 years,16.9
Death rates for suicide,"Deaths per 100,000 resident population, crude",2,"Sex, age and race and Hispanic origin",7,Male: Hispanic or Latino: All races,7.132,1985,9,15-24 years,13.8
Death rates for suicide,"Deaths per 100,000 resident population, crude",2,"Sex, age and race and Hispanic origin",7,Male: Hispanic or Latino: All races,7.132,1986,10,15-24 years,14.3
Death rates for suicide,"Deaths per 100,000 resident population, crude",2,"Sex, age and race and Hispanic origin",7,Male: Hispanic or Latino: All races,7.132,1987,11,15-24 years,14.2
Death rates for suicide,"Deaths per 100,000 resident population, crude",2,"Sex, age and race and Hispanic origin",7,Male: Hispanic or Latino: All races,7.132,1988,12,15-24 years,14.1
Death rates for suicide,"Deaths per 100,000 resident population, crude",2,"Sex, age and race and Hispanic origin",7,Male: Hispanic or Latino: All races,7.132,1989,13,15-24 years,15.6
Death rates for suicide,"Deaths per 100,000 resident population, crude",2,"Sex, age and race and Hispanic origin",7,Male: Hispanic or Latino: All races,7.132,1990,14,15-24 years,14.7
Death rates for suicide,"Deaths per 100,000 resident population, crude",2,"Sex, age and race and Hispanic origin",7,Male: Hispanic or Latino: All races,7.132,1991,15,15-24 years,14.9
Death rates for suicide,"Deaths per 100,000 resident population, crude",2,"Sex, age and race and Hispanic origin",7,Male: Hispanic or Latino: All races,7.132,1992,16,15-24 years,15.4
Death rates for suicide,"Deaths per 100,000 resident population, crude",2,"Sex, age and race and Hispanic origin",7,Male: Hispanic or Latino: All races,7.132,1993,17,15-24 years,16.9
Death rates for suicide,"Deaths per 100,000 resident population, crude",2,"Sex, age and race and Hispanic origin",7,Male: Hispanic or Latino: All races,7.132,1994,18,15-24 years,16.8
Death rates for suicide,"Deaths per 100,000 resident population, crude",2,"Sex, age and race and Hispanic origin",7,Male: Hispanic or Latino: All races,7.132,1995,19,15-24 years,16
Death rates for suicide,"Deaths per 100,000 resident population, crude",2,"Sex, age and race and Hispanic origin",7,Male: Hispanic or Latino: All races,7.132,1996,20,15-24 years,14.5
Death rates for suicide,"Deaths per 100,000 resident population, crude",2,"Sex, age and race and Hispanic origin",7,Male: Hispanic or Latino: All races,7.132,1997,21,15-24 years,13.1
Death rates for suicide,"Deaths per 100,000 resident population, crude",2,"Sex, age and race and Hispanic origin",7,Male: Hispanic or Latino: All races,7.132,1998,22,15-24 years,11.4
Death rates for suicide,"Deaths per 100,000 resident population, crude",2,"Sex, age and race and Hispanic origin",7,Male: Hispanic or Latino: All races,7.132,1999,23,15-24 years,9.9
Death rates for suicide,"Deaths per 100,000 resident population, crude",2,"Sex, age and race and Hispanic origin",7,Male: Hispanic or Latino: All races,7.132,2000,24,15-24 years,10.9
Death rates for suicide,"Deaths per 100,000 resident population, crude",2,"Sex, age and race and Hispanic origin",7,Male: Hispanic or Latino: All races,7.132,2001,25,15-24 years,9.3
Death rates for suicide,"Deaths per 100,000 resident population, crude",2,"Sex, age and race and Hispanic origin",7,Male: Hispanic or Latino: All races,7.132,2002,26,15-24 years,10.2
Death rates for suicide,"Deaths per 100,000 resident population, crude",2,"Sex, age and race and Hispanic origin",7,Male: Hispanic or Latino: All races,7.132,2003,27,15-24 years,10.8
Death rates for suicide,"Deaths per 100,000 resident population, crude",2,"Sex, age and race and Hispanic origin",7,Male: Hispanic or Latino: All races,7.132,2004,28,15-24 years,12.2
Death rates for suicide,"Deaths per 100,000 resident population, crude",2,"Sex, age and race and Hispanic origin",7,Male: Hispanic or Latino: All races,7.132,2005,29,15-24 years,11.3
Death rates for suicide,"Deaths per 100,000 resident population, crude",2,"Sex, age and race and Hispanic origin",7,Male: Hispanic or Latino: All races,7.132,2006,30,15-24 years,10.7
Death rates for suicide,"Deaths per 100,000 resident population, crude",2,"Sex, age and race and Hispanic origin",7,Male: Hispanic or Latino: All races,7.132,2007,31,15-24 years,10.4
Death rates for suicide,"Deaths per 100,000 resident population, crude",2,"Sex, age and race and Hispanic origin",7,Male: Hispanic or Latino: All races,7.132,2008,32,15-24 years,9.5
Death rates for suicide,"Deaths per 100,000 resident population, crude",2,"Sex, age and race and Hispanic origin",7,Male: Hispanic or Latino: All races,7.132,2009,33,15-24 years,10.7
Death rates for suicide,"Deaths per 100,000 resident population, crude",2,"Sex, age and race and Hispanic origin",7,Male: Hispanic or Latino: All races,7.132,2010,34,15-24 years,10.7
Death rates for suicide,"Deaths per 100,000 resident population, crude",2,"Sex, age and race and Hispanic origin",7,Male: Hispanic or Latino: All races,7.132,2011,35,15-24 years,10.7
Death rates for suicide,"Deaths per 100,000 resident population, crude",2,"Sex, age and race and Hispanic origin",7,Male: Hispanic or Latino: All races,7.132,2012,36,15-24 years,11.5
Death rates for suicide,"Deaths per 100,000 resident population, crude",2,"Sex, age and race and Hispanic origin",7,Male: Hispanic or Latino: All races,7.132,2013,37,15-24 years,10.1
Death rates for suicide,"Deaths per 100,000 resident population, crude",2,"Sex, age and race and Hispanic origin",7,Male: Hispanic or Latino: All races,7.132,2014,38,15-24 years,11.6
Death rates for suicide,"Deaths per 100,000 resident population, crude",2,"Sex, age and race and Hispanic origin",7,Male: Hispanic or Latino: All races,7.132,2015,39,15-24 years,12.8
Death rates for suicide,"Deaths per 100,000 resident population, crude",2,"Sex, age and race and Hispanic origin",7,Male: Hispanic or Latino: All races,7.132,2016,40,15-24 years,13.5
Death rates for suicide,"Deaths per 100,000 resident population, crude",2,"Sex, age and race and Hispanic origin",7,Male: Hispanic or Latino: All races,7.132,2017,41,15-24 years,15.6
Death rates for suicide,"Deaths per 100,000 resident population, crude",2,"Sex, age and race and Hispanic origin",7,Male: Hispanic or Latino: All races,7.132,2018,42,15-24 years,16.2
Death rates for suicide,"Deaths per 100,000 resident population, crude",2,"Sex, age and race and Hispanic origin",7,Female: Not Hispanic or Latino: White,7.212,1985,9,15-24 years,4.7
Death rates for suicide,"Deaths per 100,000 resident population, crude",2,"Sex, age and race and Hispanic origin",7,Female: Not Hispanic or Latino: White,7.212,1986,10,15-24 years,4.9
Death rates for suicide,"Deaths per 100,000 resident population, crude",2,"Sex, age and race and Hispanic origin",7,Female: Not Hispanic or Latino: White,7.212,1987,11,15-24 years,4.3
Death rates for suicide,"Deaths per 100,000 resident population, crude",2,"Sex, age and race and Hispanic origin",7,Female: Not Hispanic or Latino: White,7.212,1988,12,15-24 years,4.5
Death rates for suicide,"Deaths per 100,000 resident population, crude",2,"Sex, age and race and Hispanic origin",7,Female: Not Hispanic or Latino: White,7.212,1989,13,15-24 years,4.5
Death rates for suicide,"Deaths per 100,000 resident population, crude",2,"Sex, age and race and Hispanic origin",7,Female: Not Hispanic or Latino: White,7.212,1990,14,15-24 years,4.3
Death rates for suicide,"Deaths per 100,000 resident population, crude",2,"Sex, age and race and Hispanic origin",7,Female: Not Hispanic or Latino: White,7.212,1991,15,15-24 years,4.3
Death rates for suicide,"Deaths per 100,000 resident population, crude",2,"Sex, age and race and Hispanic origin",7,Female: Not Hispanic or Latino: White,7.212,1992,16,15-24 years,4
Death rates for suicide,"Deaths per 100,000 resident population, crude",2,"Sex, age and race and Hispanic origin",7,Female: Not Hispanic or Latino: White,7.212,1993,17,15-24 years,4.4
Death rates for suicide,"Deaths per 100,000 resident population, crude",2,"Sex, age and race and Hispanic origin",7,Female: Not Hispanic or Latino: White,7.212,1994,18,15-24 years,3.9
Death rates for suicide,"Deaths per 100,000 resident population, crude",2,"Sex, age and race and Hispanic origin",7,Female: Not Hispanic or Latino: White,7.212,1995,19,15-24 years,4
Death rates for suicide,"Deaths per 100,000 resident population, crude",2,"Sex, age and race and Hispanic origin",7,Female: Not Hispanic or Latino: White,7.212,1996,20,15-24 years,3.8
Death rates for suicide,"Deaths per 100,000 resident population, crude",2,"Sex, age and race and Hispanic origin",7,Female: Not Hispanic or Latino: White,7.212,1997,21,15-24 years,3.9
Death rates for suicide,"Deaths per 100,000 resident population, crude",2,"Sex, age and race and Hispanic origin",7,Female: Not Hispanic or Latino: White,7.212,1998,22,15-24 years,3.6
Death rates for suicide,"Deaths per 100,000 resident population, crude",2,"Sex, age and race and Hispanic origin",7,Female: Not Hispanic or Latino: White,7.212,1999,23,15-24 years,3.4
Death rates for suicide,"Deaths per 100,000 resident population, crude",2,"Sex, age and race and Hispanic origin",7,Female: Not Hispanic or Latino: White,7.212,2000,24,15-24 years,3.3
Death rates for suicide,"Deaths per 100,000 resident population, crude",2,"Sex, age and race and Hispanic origin",7,Female: Not Hispanic or Latino: White,7.212,2001,25,15-24 years,3.3
Death rates for suicide,"Deaths per 100,000 resident population, crude",2,"Sex, age and race and Hispanic origin",7,Female: Not Hispanic or Latino: White,7.212,2002,26,15-24 years,3.4
Death rates for suicide,"Deaths per 100,000 resident population, crude",2,"Sex, age and race and Hispanic origin",7,Female: Not Hispanic or Latino: White,7.212,2003,27,15-24 years,3.3
Death rates for suicide,"Deaths per 100,000 resident population, crude",2,"Sex, age and race and Hispanic origin",7,Female: Not Hispanic or Latino: White,7.212,2004,28,15-24 years,4
Death rates for suicide,"Deaths per 100,000 resident population, crude",2,"Sex, age and race and Hispanic origin",7,Female: Not Hispanic or Latino: White,7.212,2005,29,15-24 years,4
Death rates for suicide,"Deaths per 100,000 resident population, crude",2,"Sex, age and race and Hispanic origin",7,Female: Not Hispanic or Latino: White,7.212,2006,30,15-24 years,3.5
Death rates for suicide,"Deaths per 100,000 resident population, crude",2,"Sex, age and race and Hispanic origin",7,Female: Not Hispanic or Latino: White,7.212,2007,31,15-24 years,3.7
Death rates for suicide,"Deaths per 100,000 resident population, crude",2,"Sex, age and race and Hispanic origin",7,Female: Not Hispanic or Latino: White,7.212,2008,32,15-24 years,3.9
Death rates for suicide,"Deaths per 100,000 resident population, crude",2,"Sex, age and race and Hispanic origin",7,Female: Not Hispanic or Latino: White,7.212,2009,33,15-24 years,4.1
Death rates for suicide,"Deaths per 100,000 resident population, crude",2,"Sex, age and race and Hispanic origin",7,Female: Not Hispanic or Latino: White,7.212,2010,34,15-24 years,4.4
Death rates for suicide,"Deaths per 100,000 resident population, crude",2,"Sex, age and race and Hispanic origin",7,Female: Not Hispanic or Latino: White,7.212,2011,35,15-24 years,4.8
Death rates for suicide,"Deaths per 100,000 resident population, crude",2,"Sex, age and race and Hispanic origin",7,Female: Not Hispanic or Latino: White,7.212,2012,36,15-24 years,5.1
Death rates for suicide,"Deaths per 100,000 resident population, crude",2,"Sex, age and race and Hispanic origin",7,Female: Not Hispanic or Latino: White,7.212,2013,37,15-24 years,5.4
Death rates for suicide,"Deaths per 100,000 resident population, crude",2,"Sex, age and race and Hispanic origin",7,Female: Not Hispanic or Latino: White,7.212,2014,38,15-24 years,5.4
Death rates for suicide,"Deaths per 100,000 resident population, crude",2,"Sex, age and race and Hispanic origin",7,Female: Not Hispanic or Latino: White,7.212,2015,39,15-24 years,6.1
Death rates for suicide,"Deaths per 100,000 resident population, crude",2,"Sex, age and race and Hispanic origin",7,Female: Not Hispanic or Latino: White,7.212,2016,40,15-24 years,6.1
Death rates for suicide,"Deaths per 100,000 resident population, crude",2,"Sex, age and race and Hispanic origin",7,Female: Not Hispanic or Latino: White,7.212,2017,41,15-24 years,6.4
Death rates for suicide,"Deaths per 100,000 resident population, crude",2,"Sex, age and race and Hispanic origin",7,Female: Not Hispanic or Latino: White,7.212,2018,42,15-24 years,6.6
Death rates for suicide,"Deaths per 100,000 resident population, crude",2,"Sex, age and race and Hispanic origin",7,Female: Not Hispanic or Latino: Black or African American,7.222,1999,23,15-24 years,2
Death rates for suicide,"Deaths per 100,000 resident population, crude",2,"Sex, age and race and Hispanic origin",7,Female: Not Hispanic or Latino: Black or African American,7.222,2000,24,15-24 years,2.3
Death rates for suicide,"Deaths per 100,000 resident population, crude",2,"Sex, age and race and Hispanic origin",7,Female: Not Hispanic or Latino: Black or African American,7.222,2001,25,15-24 years,1.3
Death rates for suicide,"Deaths per 100,000 resident population, crude",2,"Sex, age and race and Hispanic origin",7,Female: Not Hispanic or Latino: Black or African American,7.222,2002,26,15-24 years,1.7
Death rates for suicide,"Deaths per 100,000 resident population, crude",2,"Sex, age and race and Hispanic origin",7,Female: Not Hispanic or Latino: Black or African American,7.222,2003,27,15-24 years,2
Death rates for suicide,"Deaths per 100,000 resident population, crude",2,"Sex, age and race and Hispanic origin",7,Female: Not Hispanic or Latino: Black or African American,7.222,2004,28,15-24 years,2.2
Death rates for suicide,"Deaths per 100,000 resident population, crude",2,"Sex, age and race and Hispanic origin",7,Female: Not Hispanic or Latino: Black or African American,7.222,2005,29,15-24 years,1.7
Death rates for suicide,"Deaths per 100,000 resident population, crude",2,"Sex, age and race and Hispanic origin",7,Female: Not Hispanic or Latino: Black or African American,7.222,2006,30,15-24 years,1.8
Death rates for suicide,"Deaths per 100,000 resident population, crude",2,"Sex, age and race and Hispanic origin",7,Female: Not Hispanic or Latino: Black or African American,7.222,2007,31,15-24 years,1.6
Death rates for suicide,"Deaths per 100,000 resident population, crude",2,"Sex, age and race and Hispanic origin",7,Female: Not Hispanic or Latino: Black or African American,7.222,2008,32,15-24 years,2.6
Death rates for suicide,"Deaths per 100,000 resident population, crude",2,"Sex, age and race and Hispanic origin",7,Female: Not Hispanic or Latino: Black or African American,7.222,2009,33,15-24 years,2.2
Death rates for suicide,"Deaths per 100,000 resident population, crude",2,"Sex, age and race and Hispanic origin",7,Female: Not Hispanic or Latino: Black or African American,7.222,2010,34,15-24 years,2.1
Death rates for suicide,"Deaths per 100,000 resident population, crude",2,"Sex, age and race and Hispanic origin",7,Female: Not Hispanic or Latino: Black or African American,7.222,2011,35,15-24 years,2.4
Death rates for suicide,"Deaths per 100,000 resident population, crude",2,"Sex, age and race and Hispanic origin",7,Female: Not Hispanic or Latino: Black or African American,7.222,2012,36,15-24 years,2.9
Death rates for suicide,"Deaths per 100,000 resident population, crude",2,"Sex, age and race and Hispanic origin",7,Female: Not Hispanic or Latino: Black or African American,7.222,2013,37,15-24 years,2.7
Death rates for suicide,"Deaths per 100,000 resident population, crude",2,"Sex, age and race and Hispanic origin",7,Female: Not Hispanic or Latino: Black or African American,7.222,2014,38,15-24 years,2.7
Death rates for suicide,"Deaths per 100,000 resident population, crude",2,"Sex, age and race and Hispanic origin",7,Female: Not Hispanic or Latino: Black or African American,7.222,2015,39,15-24 years,3.7
Death rates for suicide,"Deaths per 100,000 resident population, crude",2,"Sex, age and race and Hispanic origin",7,Female: Not Hispanic or Latino: Black or African American,7.222,2016,40,15-24 years,4
Death rates for suicide,"Deaths per 100,000 resident population, crude",2,"Sex, age and race and Hispanic origin",7,Female: Not Hispanic or Latino: Black or African American,7.222,2017,41,15-24 years,4.5
Death rates for suicide,"Deaths per 100,000 resident population, crude",2,"Sex, age and race and Hispanic origin",7,Female: Not Hispanic or Latino: Black or African American,7.222,2018,42,15-24 years,4.2
Death rates for suicide,"Deaths per 100,000 resident population, crude",2,"Sex, age and race and Hispanic origin",7,Female: Hispanic or Latino: All races,7.232,1985,9,15-24 years,2.1
Death rates for suicide,"Deaths per 100,000 resident population, crude",2,"Sex, age and race and Hispanic origin",7,Female: Hispanic or Latino: All races,7.232,1986,10,15-24 years,3.1
Death rates for suicide,"Deaths per 100,000 resident population, crude",2,"Sex, age and race and Hispanic origin",7,Female: Hispanic or Latino: All races,7.232,1987,11,15-24 years,2.4
Death rates for suicide,"Deaths per 100,000 resident population, crude",2,"Sex, age and race and Hispanic origin",7,Female: Hispanic or Latino: All races,7.232,1988,12,15-24 years,2.5
Death rates for suicide,"Deaths per 100,000 resident population, crude",2,"Sex, age and race and Hispanic origin",7,Female: Hispanic or Latino: All races,7.232,1989,13,15-24 years,3
Death rates for suicide,"Deaths per 100,000 resident population, crude",2,"Sex, age and race and Hispanic origin",7,Female: Hispanic or Latino: All races,7.232,1990,14,15-24 years,3.1
Death rates for suicide,"Deaths per 100,000 resident population, crude",2,"Sex, age and race and Hispanic origin",7,Female: Hispanic or Latino: All races,7.232,1991,15,15-24 years,3.2
Death rates for suicide,"Deaths per 100,000 resident population, crude",2,"Sex, age and race and Hispanic origin",7,Female: Hispanic or Latino: All races,7.232,1992,16,15-24 years,2.1
Death rates for suicide,"Deaths per 100,000 resident population, crude",2,"Sex, age and race and Hispanic origin",7,Female: Hispanic or Latino: All races,7.232,1993,17,15-24 years,2.8
Death rates for suicide,"Deaths per 100,000 resident population, crude",2,"Sex, age and race and Hispanic origin",7,Female: Hispanic or Latino: All races,7.232,1994,18,15-24 years,2.6
Death rates for suicide,"Deaths per 100,000 resident population, crude",2,"Sex, age and race and Hispanic origin",7,Female: Hispanic or Latino: All races,7.232,1995,19,15-24 years,2.4
Death rates for suicide,"Deaths per 100,000 resident population, crude",2,"Sex, age and race and Hispanic origin",7,Female: Hispanic or Latino: All races,7.232,1996,20,15-24 years,3
Death rates for suicide,"Deaths per 100,000 resident population, crude",2,"Sex, age and race and Hispanic origin",7,Female: Hispanic or Latino: All races,7.232,1997,21,15-24 years,2.2
Death rates for suicide,"Deaths per 100,000 resident population, crude",2,"Sex, age and race and Hispanic origin",7,Female: Hispanic or Latino: All races,7.232,1998,22,15-24 years,2.6
Death rates for suicide,"Deaths per 100,000 resident population, crude",2,"Sex, age and race and Hispanic origin",7,Female: Hispanic or Latino: All races,7.232,1999,23,15-24 years,1.8
Death rates for suicide,"Deaths per 100,000 resident population, crude",2,"Sex, age and race and Hispanic origin",7,Female: Hispanic or Latino: All races,7.232,2000,24,15-24 years,2
Death rates for suicide,"Deaths per 100,000 resident population, crude",2,"Sex, age and race and Hispanic origin",7,Female: Hispanic or Latino: All races,7.232,2001,25,15-24 years,2.3
Death rates for suicide,"Deaths per 100,000 resident population, crude",2,"Sex, age and race and Hispanic origin",7,Female: Hispanic or Latino: All races,7.232,2002,26,15-24 years,2.1
Death rates for suicide,"Deaths per 100,000 resident population, crude",2,"Sex, age and race and Hispanic origin",7,Female: Hispanic or Latino: All races,7.232,2003,27,15-24 years,2.1
Death rates for suicide,"Deaths per 100,000 resident population, crude",2,"Sex, age and race and Hispanic origin",7,Female: Hispanic or Latino: All races,7.232,2004,28,15-24 years,2.4
Death rates for suicide,"Deaths per 100,000 resident population, crude",2,"Sex, age and race and Hispanic origin",7,Female: Hispanic or Latino: All races,7.232,2005,29,15-24 years,2.5
Death rates for suicide,"Deaths per 100,000 resident population, crude",2,"Sex, age and race and Hispanic origin",7,Female: Hispanic or Latino: All races,7.232,2006,30,15-24 years,2.5
Death rates for suicide,"Deaths per 100,000 resident population, crude",2,"Sex, age and race and Hispanic origin",7,Female: Hispanic or Latino: All races,7.232,2007,31,15-24 years,2
Death rates for suicide,"Deaths per 100,000 resident population, crude",2,"Sex, age and race and Hispanic origin",7,Female: Hispanic or Latino: All races,7.232,2008,32,15-24 years,2.2
Death rates for suicide,"Deaths per 100,000 resident population, crude",2,"Sex, age and race and Hispanic origin",7,Female: Hispanic or Latino: All races,7.232,2009,33,15-24 years,2.3
Death rates for suicide,"Deaths per 100,000 resident population, crude",2,"Sex, age and race and Hispanic origin",7,Female: Hispanic or Latino: All races,7.232,2010,34,15-24 years,3.1
Death rates for suicide,"Deaths per 100,000 resident population, crude",2,"Sex, age and race and Hispanic origin",7,Female: Hispanic or Latino: All races,7.232,2011,35,15-24 years,2.9
Death rates for suicide,"Deaths per 100,000 resident population, crude",2,"Sex, age and race and Hispanic origin",7,Female: Hispanic or Latino: All races,7.232,2012,36,15-24 years,2.9
Death rates for suicide,"Deaths per 100,000 resident population, crude",2,"Sex, age and race and Hispanic origin",7,Female: Hispanic or Latino: All races,7.232,2013,37,15-24 years,3.3
Death rates for suicide,"Deaths per 100,000 resident population, crude",2,"Sex, age and race and Hispanic origin",7,Female: Hispanic or Latino: All races,7.232,2014,38,15-24 years,3.4
Death rates for suicide,"Deaths per 100,000 resident population, crude",2,"Sex, age and race and Hispanic origin",7,Female: Hispanic or Latino: All races,7.232,2015,39,15-24 years,3.9
Death rates for suicide,"Deaths per 100,000 resident population, crude",2,"Sex, age and race and Hispanic origin",7,Female: Hispanic or Latino: All races,7.232,2016,40,15-24 years,3.8
Death rates for suicide,"Deaths per 100,000 resident population, crude",2,"Sex, age and race and Hispanic origin",7,Female: Hispanic or Latino: All races,7.232,2017,41,15-24 years,4.2
Death rates for suicide,"Deaths per 100,000 resident population, crude",2,"Sex, age and race and Hispanic origin",7,Female: Hispanic or Latino: All races,7.232,2018,42,15-24 years,4.1
Death rates for suicide,"Deaths per 100,000 resident population, crude",2,"Sex, age and race (Single race)",9,Male: White,5.112,2018,42,15-24 years,24.6
Death rates for suicide,"Deaths per 100,000 resident population, crude",2,"Sex, age and race (Single race)",9,Male: Black or African American,5.122,2018,42,15-24 years,16.8
Death rates for suicide,"Deaths per 100,000 resident population, crude",2,"Sex, age and race (Single race)",9,Female: White,5.212,2018,42,15-24 years,6
Death rates for suicide,"Deaths per 100,000 resident population, crude",2,"Sex, age and race (Single race)",9,Female: Black or African American,5.222,2018,42,15-24 years,4.2
Death rates for suicide,"Deaths per 100,000 resident population, crude",2,"Sex, age and race (Single race)",9,Female: American Indian or Alaska Native,5.232,2018,42,15-24 years,11
Death rates for suicide,"Deaths per 100,000 resident population, crude",2,"Sex, age and race and Hispanic origin (Single race)",11,Male: Not Hispanic or Latino: American Indian or Alaska Native,6.141,2018,42,15-24 years,60.7
Death rates for suicide,"Deaths per 100,000 resident population, crude",2,"Sex, age and race and Hispanic origin (Single race)",11,Male: Not Hispanic or Latino: Asian,6.161,2018,42,15-24 years,15.5
Death rates for suicide,"Deaths per 100,000 resident population, crude",2,"Sex, age and race and Hispanic origin (Single race)",11,Female: Not Hispanic or Latino: Asian,6.261,2018,42,15-24 years,6.9
Death rates for suicide,"Deaths per 100,000 resident population, crude",2,"Sex, age and race and Hispanic origin (Single race)",11,Male: Not Hispanic or Latino: White,7.112,2018,42,15-24 years,27.3
Death rates for suicide,"Deaths per 100,000 resident population, crude",2,"Sex, age and race and Hispanic origin (Single race)",11,Male: Not Hispanic or Latino: Black or African American,7.122,2018,42,15-24 years,17.3
Death rates for suicide,"Deaths per 100,000 resident population, crude",2,"Sex, age and race and Hispanic origin (Single race)",11,Male: Hispanic or Latino: All races,7.132,2018,42,15-24 years,16.2
Death rates for suicide,"Deaths per 100,000 resident population, crude",2,"Sex, age and race and Hispanic origin (Single race)",11,Female: Not Hispanic or Latino: White,7.212,2018,42,15-24 years,6.7
Death rates for suicide,"Deaths per 100,000 resident population, crude",2,"Sex, age and race and Hispanic origin (Single race)",11,Female: Not Hispanic or Latino: Black or African American,7.222,2018,42,15-24 years,4.2
Death rates for suicide,"Deaths per 100,000 resident population, crude",2,"Sex, age and race and Hispanic origin (Single race)",11,Female: Hispanic or Latino: All races,7.232,2018,42,15-24 years,4.1
